probe,layer,regime,question_id,seed,y_true,y_score
SEPs_logreg,27,cv_5fold,trivia_qa_0,42,0.0,0.9561264699552828
SEPs_logreg,27,cv_5fold,trivia_qa_0,43,0.0,0.9561264699552828
SEPs_logreg,27,cv_5fold,trivia_qa_1,42,1.0,0.9610970465324088
SEPs_logreg,27,cv_5fold,trivia_qa_1,43,1.0,0.9610970465324088
SEPs_logreg,27,cv_5fold,trivia_qa_10,42,0.0,0.8466836203481286
SEPs_logreg,27,cv_5fold,trivia_qa_10,43,0.0,0.8466836203481286
SEPs_logreg,27,cv_5fold,trivia_qa_100,42,0.0,0.0156437069692685
SEPs_logreg,27,cv_5fold,trivia_qa_100,43,0.0,0.0156437069692685
SEPs_logreg,27,cv_5fold,trivia_qa_101,42,1.0,0.0300920960281106
SEPs_logreg,27,cv_5fold,trivia_qa_101,43,1.0,0.0300920960281106
SEPs_logreg,27,cv_5fold,trivia_qa_102,42,1.0,0.2809283869988008
SEPs_logreg,27,cv_5fold,trivia_qa_102,43,0.0,0.2809283869988008
SEPs_logreg,27,cv_5fold,trivia_qa_103,42,0.0,0.0345908099105193
SEPs_logreg,27,cv_5fold,trivia_qa_103,43,0.0,0.0345908099105193
SEPs_logreg,27,cv_5fold,trivia_qa_104,42,0.0,0.997657688819078
SEPs_logreg,27,cv_5fold,trivia_qa_104,43,0.0,0.997657688819078
SEPs_logreg,27,cv_5fold,trivia_qa_105,42,1.0,0.0707048497316942
SEPs_logreg,27,cv_5fold,trivia_qa_105,43,1.0,0.0707048497316942
SEPs_logreg,27,cv_5fold,trivia_qa_106,42,0.0,0.0008230663435279
SEPs_logreg,27,cv_5fold,trivia_qa_106,43,0.0,0.0008230663435279
SEPs_logreg,27,cv_5fold,trivia_qa_107,42,0.0,0.1678502067204121
SEPs_logreg,27,cv_5fold,trivia_qa_107,43,0.0,0.1678502067204121
SEPs_logreg,27,cv_5fold,trivia_qa_108,42,1.0,0.9823494934282772
SEPs_logreg,27,cv_5fold,trivia_qa_108,43,1.0,0.9823494934282772
SEPs_logreg,27,cv_5fold,trivia_qa_109,42,1.0,0.9748841444706532
SEPs_logreg,27,cv_5fold,trivia_qa_109,43,1.0,0.9748841444706532
SEPs_logreg,27,cv_5fold,trivia_qa_11,42,0.0,0.0001807383529096
SEPs_logreg,27,cv_5fold,trivia_qa_11,43,0.0,0.0001807383529096
SEPs_logreg,27,cv_5fold,trivia_qa_110,42,1.0,0.9945741391505016
SEPs_logreg,27,cv_5fold,trivia_qa_110,43,1.0,0.9945741391505016
SEPs_logreg,27,cv_5fold,trivia_qa_111,42,0.0,0.000867715628419
SEPs_logreg,27,cv_5fold,trivia_qa_111,43,0.0,0.000867715628419
SEPs_logreg,27,cv_5fold,trivia_qa_112,42,1.0,0.999956015646234
SEPs_logreg,27,cv_5fold,trivia_qa_112,43,1.0,0.999956015646234
SEPs_logreg,27,cv_5fold,trivia_qa_113,42,0.0,0.8879103422973152
SEPs_logreg,27,cv_5fold,trivia_qa_113,43,0.0,0.8879103422973152
SEPs_logreg,27,cv_5fold,trivia_qa_114,42,0.0,0.4857233371823664
SEPs_logreg,27,cv_5fold,trivia_qa_114,43,0.0,0.4857233371823664
SEPs_logreg,27,cv_5fold,trivia_qa_115,42,0.0,0.5138825550436089
SEPs_logreg,27,cv_5fold,trivia_qa_115,43,0.0,0.5138825550436089
SEPs_logreg,27,cv_5fold,trivia_qa_116,42,1.0,0.9998682627885568
SEPs_logreg,27,cv_5fold,trivia_qa_116,43,1.0,0.9998682627885568
SEPs_logreg,27,cv_5fold,trivia_qa_117,42,1.0,0.6339297157791021
SEPs_logreg,27,cv_5fold,trivia_qa_117,43,1.0,0.6339297157791021
SEPs_logreg,27,cv_5fold,trivia_qa_118,42,1.0,0.93718965910298
SEPs_logreg,27,cv_5fold,trivia_qa_118,43,1.0,0.93718965910298
SEPs_logreg,27,cv_5fold,trivia_qa_119,42,0.0,0.0262984198702464
SEPs_logreg,27,cv_5fold,trivia_qa_119,43,0.0,0.0262984198702464
SEPs_logreg,27,cv_5fold,trivia_qa_12,42,1.0,0.0017393194516539
SEPs_logreg,27,cv_5fold,trivia_qa_12,43,1.0,0.0017393194516539
SEPs_logreg,27,cv_5fold,trivia_qa_120,42,1.0,0.9981698013797956
SEPs_logreg,27,cv_5fold,trivia_qa_120,43,1.0,0.9981698013797956
SEPs_logreg,27,cv_5fold,trivia_qa_121,42,0.0,2.459051079781321e-06
SEPs_logreg,27,cv_5fold,trivia_qa_121,43,0.0,2.459051079781321e-06
SEPs_logreg,27,cv_5fold,trivia_qa_122,42,1.0,0.0318656844133163
SEPs_logreg,27,cv_5fold,trivia_qa_122,43,1.0,0.0318656844133163
SEPs_logreg,27,cv_5fold,trivia_qa_123,42,0.0,0.0330494330992031
SEPs_logreg,27,cv_5fold,trivia_qa_123,43,0.0,0.0330494330992031
SEPs_logreg,27,cv_5fold,trivia_qa_124,42,0.0,0.1259295751075715
SEPs_logreg,27,cv_5fold,trivia_qa_124,43,0.0,0.1259295751075715
SEPs_logreg,27,cv_5fold,trivia_qa_125,42,0.0,0.0001472935247485
SEPs_logreg,27,cv_5fold,trivia_qa_125,43,0.0,0.0001472935247485
SEPs_logreg,27,cv_5fold,trivia_qa_126,42,0.0,0.5199803100177023
SEPs_logreg,27,cv_5fold,trivia_qa_126,43,0.0,0.5199803100177023
SEPs_logreg,27,cv_5fold,trivia_qa_127,42,0.0,0.0006644453997863
SEPs_logreg,27,cv_5fold,trivia_qa_127,43,0.0,0.0006644453997863
SEPs_logreg,27,cv_5fold,trivia_qa_128,42,1.0,0.991948285462144
SEPs_logreg,27,cv_5fold,trivia_qa_128,43,1.0,0.991948285462144
SEPs_logreg,27,cv_5fold,trivia_qa_129,42,1.0,0.6767931067409286
SEPs_logreg,27,cv_5fold,trivia_qa_129,43,1.0,0.6767931067409286
SEPs_logreg,27,cv_5fold,trivia_qa_13,42,1.0,0.8027212834030663
SEPs_logreg,27,cv_5fold,trivia_qa_13,43,1.0,0.8027212834030663
SEPs_logreg,27,cv_5fold,trivia_qa_130,42,0.0,0.0879669683692123
SEPs_logreg,27,cv_5fold,trivia_qa_130,43,0.0,0.0879669683692123
SEPs_logreg,27,cv_5fold,trivia_qa_131,42,0.0,0.01149103278834
SEPs_logreg,27,cv_5fold,trivia_qa_131,43,0.0,0.01149103278834
SEPs_logreg,27,cv_5fold,trivia_qa_132,42,0.0,0.0006818730832418
SEPs_logreg,27,cv_5fold,trivia_qa_132,43,0.0,0.0006818730832418
SEPs_logreg,27,cv_5fold,trivia_qa_133,42,0.0,2.2495791794882683e-06
SEPs_logreg,27,cv_5fold,trivia_qa_133,43,0.0,2.2495791794882683e-06
SEPs_logreg,27,cv_5fold,trivia_qa_134,42,0.0,6.669233272846038e-05
SEPs_logreg,27,cv_5fold,trivia_qa_134,43,0.0,6.669233272846038e-05
SEPs_logreg,27,cv_5fold,trivia_qa_135,42,0.0,0.0088286105426611
SEPs_logreg,27,cv_5fold,trivia_qa_135,43,0.0,0.0088286105426611
SEPs_logreg,27,cv_5fold,trivia_qa_136,42,0.0,0.0363438918669983
SEPs_logreg,27,cv_5fold,trivia_qa_136,43,0.0,0.0363438918669983
SEPs_logreg,27,cv_5fold,trivia_qa_137,42,0.0,0.2231392884682862
SEPs_logreg,27,cv_5fold,trivia_qa_137,43,0.0,0.2231392884682862
SEPs_logreg,27,cv_5fold,trivia_qa_138,42,0.0,4.156315258609673e-06
SEPs_logreg,27,cv_5fold,trivia_qa_138,43,0.0,4.156315258609673e-06
SEPs_logreg,27,cv_5fold,trivia_qa_139,42,1.0,0.952066806149232
SEPs_logreg,27,cv_5fold,trivia_qa_139,43,1.0,0.952066806149232
SEPs_logreg,27,cv_5fold,trivia_qa_14,42,1.0,0.994786197791772
SEPs_logreg,27,cv_5fold,trivia_qa_14,43,1.0,0.994786197791772
SEPs_logreg,27,cv_5fold,trivia_qa_140,42,0.0,1.352403948399976e-05
SEPs_logreg,27,cv_5fold,trivia_qa_140,43,1.0,1.352403948399976e-05
SEPs_logreg,27,cv_5fold,trivia_qa_141,42,0.0,0.9504120352337888
SEPs_logreg,27,cv_5fold,trivia_qa_141,43,0.0,0.9504120352337888
SEPs_logreg,27,cv_5fold,trivia_qa_142,42,0.0,0.0003261684253972
SEPs_logreg,27,cv_5fold,trivia_qa_142,43,0.0,0.0003261684253972
SEPs_logreg,27,cv_5fold,trivia_qa_143,42,0.0,4.5365111802783737e-05
SEPs_logreg,27,cv_5fold,trivia_qa_143,43,0.0,4.5365111802783737e-05
SEPs_logreg,27,cv_5fold,trivia_qa_144,42,1.0,0.0691896213800856
SEPs_logreg,27,cv_5fold,trivia_qa_144,43,1.0,0.0691896213800856
SEPs_logreg,27,cv_5fold,trivia_qa_145,42,0.0,0.0002360442817628
SEPs_logreg,27,cv_5fold,trivia_qa_145,43,0.0,0.0002360442817628
SEPs_logreg,27,cv_5fold,trivia_qa_146,42,0.0,3.0771688298225484e-05
SEPs_logreg,27,cv_5fold,trivia_qa_146,43,0.0,3.0771688298225484e-05
SEPs_logreg,27,cv_5fold,trivia_qa_147,42,0.0,0.9995720840487764
SEPs_logreg,27,cv_5fold,trivia_qa_147,43,0.0,0.9995720840487764
SEPs_logreg,27,cv_5fold,trivia_qa_148,42,1.0,0.9101806423997848
SEPs_logreg,27,cv_5fold,trivia_qa_148,43,1.0,0.9101806423997848
SEPs_logreg,27,cv_5fold,trivia_qa_149,42,1.0,0.9999869220974033
SEPs_logreg,27,cv_5fold,trivia_qa_149,43,1.0,0.9999869220974033
SEPs_logreg,27,cv_5fold,trivia_qa_15,42,0.0,0.9109824047890732
SEPs_logreg,27,cv_5fold,trivia_qa_15,43,0.0,0.9109824047890732
SEPs_logreg,27,cv_5fold,trivia_qa_150,42,0.0,0.0001726576072708
SEPs_logreg,27,cv_5fold,trivia_qa_150,43,0.0,0.0001726576072708
SEPs_logreg,27,cv_5fold,trivia_qa_151,42,0.0,0.1058877749155652
SEPs_logreg,27,cv_5fold,trivia_qa_151,43,0.0,0.1058877749155652
SEPs_logreg,27,cv_5fold,trivia_qa_152,42,1.0,0.999154561544207
SEPs_logreg,27,cv_5fold,trivia_qa_152,43,1.0,0.999154561544207
SEPs_logreg,27,cv_5fold,trivia_qa_153,42,0.0,0.9922642670673872
SEPs_logreg,27,cv_5fold,trivia_qa_153,43,1.0,0.9922642670673872
SEPs_logreg,27,cv_5fold,trivia_qa_154,42,0.0,0.053609382831226
SEPs_logreg,27,cv_5fold,trivia_qa_154,43,0.0,0.053609382831226
SEPs_logreg,27,cv_5fold,trivia_qa_155,42,1.0,0.9997327930670776
SEPs_logreg,27,cv_5fold,trivia_qa_155,43,1.0,0.9997327930670776
SEPs_logreg,27,cv_5fold,trivia_qa_156,42,0.0,4.584013289124337e-06
SEPs_logreg,27,cv_5fold,trivia_qa_156,43,0.0,4.584013289124337e-06
SEPs_logreg,27,cv_5fold,trivia_qa_157,42,1.0,0.9998331497756876
SEPs_logreg,27,cv_5fold,trivia_qa_157,43,1.0,0.9998331497756876
SEPs_logreg,27,cv_5fold,trivia_qa_158,42,0.0,0.6306190416657426
SEPs_logreg,27,cv_5fold,trivia_qa_158,43,0.0,0.6306190416657426
SEPs_logreg,27,cv_5fold,trivia_qa_159,42,1.0,0.9998423274084038
SEPs_logreg,27,cv_5fold,trivia_qa_159,43,1.0,0.9998423274084038
SEPs_logreg,27,cv_5fold,trivia_qa_16,42,1.0,0.9817615457667946
SEPs_logreg,27,cv_5fold,trivia_qa_16,43,1.0,0.9817615457667946
SEPs_logreg,27,cv_5fold,trivia_qa_160,42,0.0,0.0001249109696337
SEPs_logreg,27,cv_5fold,trivia_qa_160,43,0.0,0.0001249109696337
SEPs_logreg,27,cv_5fold,trivia_qa_161,42,1.0,0.9617086456469924
SEPs_logreg,27,cv_5fold,trivia_qa_161,43,1.0,0.9617086456469924
SEPs_logreg,27,cv_5fold,trivia_qa_162,42,1.0,0.9997186209898292
SEPs_logreg,27,cv_5fold,trivia_qa_162,43,1.0,0.9997186209898292
SEPs_logreg,27,cv_5fold,trivia_qa_163,42,1.0,0.8635978790892991
SEPs_logreg,27,cv_5fold,trivia_qa_163,43,1.0,0.8635978790892991
SEPs_logreg,27,cv_5fold,trivia_qa_164,42,1.0,0.9984373526311016
SEPs_logreg,27,cv_5fold,trivia_qa_164,43,0.0,0.9984373526311016
SEPs_logreg,27,cv_5fold,trivia_qa_165,42,1.0,0.959712699668888
SEPs_logreg,27,cv_5fold,trivia_qa_165,43,1.0,0.959712699668888
SEPs_logreg,27,cv_5fold,trivia_qa_166,42,1.0,0.984090274111348
SEPs_logreg,27,cv_5fold,trivia_qa_166,43,1.0,0.984090274111348
SEPs_logreg,27,cv_5fold,trivia_qa_167,42,0.0,0.0011016504661134
SEPs_logreg,27,cv_5fold,trivia_qa_167,43,0.0,0.0011016504661134
SEPs_logreg,27,cv_5fold,trivia_qa_168,42,1.0,0.9678435639556618
SEPs_logreg,27,cv_5fold,trivia_qa_168,43,1.0,0.9678435639556618
SEPs_logreg,27,cv_5fold,trivia_qa_169,42,1.0,0.9550852930216474
SEPs_logreg,27,cv_5fold,trivia_qa_169,43,1.0,0.9550852930216474
SEPs_logreg,27,cv_5fold,trivia_qa_17,42,1.0,0.0513638268994926
SEPs_logreg,27,cv_5fold,trivia_qa_17,43,1.0,0.0513638268994926
SEPs_logreg,27,cv_5fold,trivia_qa_170,42,0.0,0.8622383899456139
SEPs_logreg,27,cv_5fold,trivia_qa_170,43,0.0,0.8622383899456139
SEPs_logreg,27,cv_5fold,trivia_qa_171,42,1.0,0.999993382060796
SEPs_logreg,27,cv_5fold,trivia_qa_171,43,1.0,0.999993382060796
SEPs_logreg,27,cv_5fold,trivia_qa_172,42,0.0,0.0005684474169999
SEPs_logreg,27,cv_5fold,trivia_qa_172,43,0.0,0.0005684474169999
SEPs_logreg,27,cv_5fold,trivia_qa_173,42,0.0,0.0011466030118388
SEPs_logreg,27,cv_5fold,trivia_qa_173,43,0.0,0.0011466030118388
SEPs_logreg,27,cv_5fold,trivia_qa_174,42,0.0,3.52685915626656e-05
SEPs_logreg,27,cv_5fold,trivia_qa_174,43,0.0,3.52685915626656e-05
SEPs_logreg,27,cv_5fold,trivia_qa_175,42,1.0,0.9756544968590052
SEPs_logreg,27,cv_5fold,trivia_qa_175,43,1.0,0.9756544968590052
SEPs_logreg,27,cv_5fold,trivia_qa_176,42,1.0,0.9995709104218322
SEPs_logreg,27,cv_5fold,trivia_qa_176,43,1.0,0.9995709104218322
SEPs_logreg,27,cv_5fold,trivia_qa_177,42,0.0,0.759206144985609
SEPs_logreg,27,cv_5fold,trivia_qa_177,43,1.0,0.759206144985609
SEPs_logreg,27,cv_5fold,trivia_qa_178,42,1.0,0.5759509094263587
SEPs_logreg,27,cv_5fold,trivia_qa_178,43,0.0,0.5759509094263587
SEPs_logreg,27,cv_5fold,trivia_qa_179,42,0.0,0.0301432212157496
SEPs_logreg,27,cv_5fold,trivia_qa_179,43,0.0,0.0301432212157496
SEPs_logreg,27,cv_5fold,trivia_qa_18,42,0.0,0.0408495498369988
SEPs_logreg,27,cv_5fold,trivia_qa_18,43,0.0,0.0408495498369988
SEPs_logreg,27,cv_5fold,trivia_qa_180,42,0.0,0.0075068680967076
SEPs_logreg,27,cv_5fold,trivia_qa_180,43,0.0,0.0075068680967076
SEPs_logreg,27,cv_5fold,trivia_qa_181,42,1.0,0.9854979767416492
SEPs_logreg,27,cv_5fold,trivia_qa_181,43,1.0,0.9854979767416492
SEPs_logreg,27,cv_5fold,trivia_qa_182,42,0.0,0.9999142966812355
SEPs_logreg,27,cv_5fold,trivia_qa_182,43,1.0,0.9999142966812355
SEPs_logreg,27,cv_5fold,trivia_qa_183,42,1.0,0.9670762744387904
SEPs_logreg,27,cv_5fold,trivia_qa_183,43,1.0,0.9670762744387904
SEPs_logreg,27,cv_5fold,trivia_qa_184,42,0.0,0.9707817137583478
SEPs_logreg,27,cv_5fold,trivia_qa_184,43,0.0,0.9707817137583478
SEPs_logreg,27,cv_5fold,trivia_qa_185,42,1.0,0.9984016756874592
SEPs_logreg,27,cv_5fold,trivia_qa_185,43,1.0,0.9984016756874592
SEPs_logreg,27,cv_5fold,trivia_qa_186,42,1.0,0.9999936872651886
SEPs_logreg,27,cv_5fold,trivia_qa_186,43,0.0,0.9999936872651886
SEPs_logreg,27,cv_5fold,trivia_qa_187,42,1.0,0.9986118315991775
SEPs_logreg,27,cv_5fold,trivia_qa_187,43,1.0,0.9986118315991775
SEPs_logreg,27,cv_5fold,trivia_qa_188,42,1.0,0.9999271134079876
SEPs_logreg,27,cv_5fold,trivia_qa_188,43,1.0,0.9999271134079876
SEPs_logreg,27,cv_5fold,trivia_qa_189,42,0.0,0.0053679853055964
SEPs_logreg,27,cv_5fold,trivia_qa_189,43,0.0,0.0053679853055964
SEPs_logreg,27,cv_5fold,trivia_qa_19,42,1.0,0.6654965898689392
SEPs_logreg,27,cv_5fold,trivia_qa_19,43,1.0,0.6654965898689392
SEPs_logreg,27,cv_5fold,trivia_qa_190,42,1.0,0.9248998211277666
SEPs_logreg,27,cv_5fold,trivia_qa_190,43,1.0,0.9248998211277666
SEPs_logreg,27,cv_5fold,trivia_qa_191,42,1.0,0.99962647586186
SEPs_logreg,27,cv_5fold,trivia_qa_191,43,1.0,0.99962647586186
SEPs_logreg,27,cv_5fold,trivia_qa_192,42,1.0,0.8555134333857526
SEPs_logreg,27,cv_5fold,trivia_qa_192,43,1.0,0.8555134333857526
SEPs_logreg,27,cv_5fold,trivia_qa_193,42,0.0,0.0002489832732209
SEPs_logreg,27,cv_5fold,trivia_qa_193,43,0.0,0.0002489832732209
SEPs_logreg,27,cv_5fold,trivia_qa_194,42,0.0,0.975650458042523
SEPs_logreg,27,cv_5fold,trivia_qa_194,43,0.0,0.975650458042523
SEPs_logreg,27,cv_5fold,trivia_qa_195,42,0.0,0.0255754015012543
SEPs_logreg,27,cv_5fold,trivia_qa_195,43,0.0,0.0255754015012543
SEPs_logreg,27,cv_5fold,trivia_qa_196,42,1.0,0.8447798768570403
SEPs_logreg,27,cv_5fold,trivia_qa_196,43,1.0,0.8447798768570403
SEPs_logreg,27,cv_5fold,trivia_qa_197,42,1.0,0.9992646546153456
SEPs_logreg,27,cv_5fold,trivia_qa_197,43,1.0,0.9992646546153456
SEPs_logreg,27,cv_5fold,trivia_qa_198,42,1.0,0.999549283202839
SEPs_logreg,27,cv_5fold,trivia_qa_198,43,1.0,0.999549283202839
SEPs_logreg,27,cv_5fold,trivia_qa_199,42,1.0,0.9974407486948372
SEPs_logreg,27,cv_5fold,trivia_qa_199,43,1.0,0.9974407486948372
SEPs_logreg,27,cv_5fold,trivia_qa_2,42,0.0,0.948394446673779
SEPs_logreg,27,cv_5fold,trivia_qa_2,43,0.0,0.948394446673779
SEPs_logreg,27,cv_5fold,trivia_qa_20,42,1.0,0.998236722871066
SEPs_logreg,27,cv_5fold,trivia_qa_20,43,1.0,0.998236722871066
SEPs_logreg,27,cv_5fold,trivia_qa_200,42,1.0,0.0646480623304883
SEPs_logreg,27,cv_5fold,trivia_qa_200,43,1.0,0.0646480623304883
SEPs_logreg,27,cv_5fold,trivia_qa_201,42,0.0,0.0084486193661207
SEPs_logreg,27,cv_5fold,trivia_qa_201,43,0.0,0.0084486193661207
SEPs_logreg,27,cv_5fold,trivia_qa_202,42,0.0,0.0628843123299786
SEPs_logreg,27,cv_5fold,trivia_qa_202,43,0.0,0.0628843123299786
SEPs_logreg,27,cv_5fold,trivia_qa_203,42,1.0,0.9912753129592816
SEPs_logreg,27,cv_5fold,trivia_qa_203,43,1.0,0.9912753129592816
SEPs_logreg,27,cv_5fold,trivia_qa_204,42,0.0,0.850932434838035
SEPs_logreg,27,cv_5fold,trivia_qa_204,43,0.0,0.850932434838035
SEPs_logreg,27,cv_5fold,trivia_qa_205,42,1.0,0.4499935404844668
SEPs_logreg,27,cv_5fold,trivia_qa_205,43,1.0,0.4499935404844668
SEPs_logreg,27,cv_5fold,trivia_qa_206,42,1.0,0.9928597599917132
SEPs_logreg,27,cv_5fold,trivia_qa_206,43,1.0,0.9928597599917132
SEPs_logreg,27,cv_5fold,trivia_qa_207,42,1.0,0.9510283987870568
SEPs_logreg,27,cv_5fold,trivia_qa_207,43,1.0,0.9510283987870568
SEPs_logreg,27,cv_5fold,trivia_qa_208,42,0.0,0.5246371101060852
SEPs_logreg,27,cv_5fold,trivia_qa_208,43,0.0,0.5246371101060852
SEPs_logreg,27,cv_5fold,trivia_qa_209,42,0.0,0.919347071983585
SEPs_logreg,27,cv_5fold,trivia_qa_209,43,0.0,0.919347071983585
SEPs_logreg,27,cv_5fold,trivia_qa_21,42,1.0,0.0285645107712215
SEPs_logreg,27,cv_5fold,trivia_qa_21,43,1.0,0.0285645107712215
SEPs_logreg,27,cv_5fold,trivia_qa_210,42,1.0,0.92852070994902
SEPs_logreg,27,cv_5fold,trivia_qa_210,43,1.0,0.92852070994902
SEPs_logreg,27,cv_5fold,trivia_qa_211,42,1.0,0.9999502837941442
SEPs_logreg,27,cv_5fold,trivia_qa_211,43,1.0,0.9999502837941442
SEPs_logreg,27,cv_5fold,trivia_qa_212,42,1.0,0.9997669280102532
SEPs_logreg,27,cv_5fold,trivia_qa_212,43,0.0,0.9997669280102532
SEPs_logreg,27,cv_5fold,trivia_qa_213,42,1.0,0.9999192010411084
SEPs_logreg,27,cv_5fold,trivia_qa_213,43,1.0,0.9999192010411084
SEPs_logreg,27,cv_5fold,trivia_qa_214,42,1.0,0.9204831810440156
SEPs_logreg,27,cv_5fold,trivia_qa_214,43,1.0,0.9204831810440156
SEPs_logreg,27,cv_5fold,trivia_qa_215,42,1.0,0.9905131553161765
SEPs_logreg,27,cv_5fold,trivia_qa_215,43,1.0,0.9905131553161765
SEPs_logreg,27,cv_5fold,trivia_qa_216,42,1.0,0.9966437197420852
SEPs_logreg,27,cv_5fold,trivia_qa_216,43,1.0,0.9966437197420852
SEPs_logreg,27,cv_5fold,trivia_qa_217,42,1.0,0.9999356906605656
SEPs_logreg,27,cv_5fold,trivia_qa_217,43,1.0,0.9999356906605656
SEPs_logreg,27,cv_5fold,trivia_qa_218,42,0.0,0.9987448943810172
SEPs_logreg,27,cv_5fold,trivia_qa_218,43,0.0,0.9987448943810172
SEPs_logreg,27,cv_5fold,trivia_qa_219,42,1.0,0.9943236899491472
SEPs_logreg,27,cv_5fold,trivia_qa_219,43,1.0,0.9943236899491472
SEPs_logreg,27,cv_5fold,trivia_qa_22,42,0.0,0.9730594843944752
SEPs_logreg,27,cv_5fold,trivia_qa_22,43,0.0,0.9730594843944752
SEPs_logreg,27,cv_5fold,trivia_qa_220,42,0.0,0.9109864737939828
SEPs_logreg,27,cv_5fold,trivia_qa_220,43,0.0,0.9109864737939828
SEPs_logreg,27,cv_5fold,trivia_qa_221,42,1.0,0.9961603031525842
SEPs_logreg,27,cv_5fold,trivia_qa_221,43,1.0,0.9961603031525842
SEPs_logreg,27,cv_5fold,trivia_qa_222,42,1.0,0.9946506493669398
SEPs_logreg,27,cv_5fold,trivia_qa_222,43,1.0,0.9946506493669398
SEPs_logreg,27,cv_5fold,trivia_qa_223,42,0.0,0.9914455090397096
SEPs_logreg,27,cv_5fold,trivia_qa_223,43,0.0,0.9914455090397096
SEPs_logreg,27,cv_5fold,trivia_qa_224,42,1.0,0.8164406161193379
SEPs_logreg,27,cv_5fold,trivia_qa_224,43,1.0,0.8164406161193379
SEPs_logreg,27,cv_5fold,trivia_qa_225,42,1.0,0.3604823504540307
SEPs_logreg,27,cv_5fold,trivia_qa_225,43,1.0,0.3604823504540307
SEPs_logreg,27,cv_5fold,trivia_qa_226,42,1.0,0.992067962340804
SEPs_logreg,27,cv_5fold,trivia_qa_226,43,1.0,0.992067962340804
SEPs_logreg,27,cv_5fold,trivia_qa_227,42,1.0,0.962700671661888
SEPs_logreg,27,cv_5fold,trivia_qa_227,43,1.0,0.962700671661888
SEPs_logreg,27,cv_5fold,trivia_qa_228,42,1.0,0.999271103056851
SEPs_logreg,27,cv_5fold,trivia_qa_228,43,1.0,0.999271103056851
SEPs_logreg,27,cv_5fold,trivia_qa_229,42,1.0,0.963157294061392
SEPs_logreg,27,cv_5fold,trivia_qa_229,43,1.0,0.963157294061392
SEPs_logreg,27,cv_5fold,trivia_qa_23,42,0.0,0.0116170154740863
SEPs_logreg,27,cv_5fold,trivia_qa_23,43,0.0,0.0116170154740863
SEPs_logreg,27,cv_5fold,trivia_qa_230,42,1.0,0.9999868599174476
SEPs_logreg,27,cv_5fold,trivia_qa_230,43,0.0,0.9999868599174476
SEPs_logreg,27,cv_5fold,trivia_qa_231,42,1.0,0.9998929109864388
SEPs_logreg,27,cv_5fold,trivia_qa_231,43,1.0,0.9998929109864388
SEPs_logreg,27,cv_5fold,trivia_qa_232,42,0.0,0.0120952185729037
SEPs_logreg,27,cv_5fold,trivia_qa_232,43,0.0,0.0120952185729037
SEPs_logreg,27,cv_5fold,trivia_qa_233,42,1.0,0.8505000862315493
SEPs_logreg,27,cv_5fold,trivia_qa_233,43,1.0,0.8505000862315493
SEPs_logreg,27,cv_5fold,trivia_qa_234,42,0.0,0.5972382239197545
SEPs_logreg,27,cv_5fold,trivia_qa_234,43,0.0,0.5972382239197545
SEPs_logreg,27,cv_5fold,trivia_qa_235,42,1.0,0.9999465192075456
SEPs_logreg,27,cv_5fold,trivia_qa_235,43,1.0,0.9999465192075456
SEPs_logreg,27,cv_5fold,trivia_qa_236,42,1.0,0.9911031044607168
SEPs_logreg,27,cv_5fold,trivia_qa_236,43,1.0,0.9911031044607168
SEPs_logreg,27,cv_5fold,trivia_qa_237,42,0.0,0.0669767005982679
SEPs_logreg,27,cv_5fold,trivia_qa_237,43,0.0,0.0669767005982679
SEPs_logreg,27,cv_5fold,trivia_qa_238,42,1.0,0.8770927309794113
SEPs_logreg,27,cv_5fold,trivia_qa_238,43,1.0,0.8770927309794113
SEPs_logreg,27,cv_5fold,trivia_qa_239,42,1.0,0.967420015090518
SEPs_logreg,27,cv_5fold,trivia_qa_239,43,1.0,0.967420015090518
SEPs_logreg,27,cv_5fold,trivia_qa_24,42,1.0,0.0493550155161213
SEPs_logreg,27,cv_5fold,trivia_qa_24,43,1.0,0.0493550155161213
SEPs_logreg,27,cv_5fold,trivia_qa_240,42,1.0,0.9961799105492428
SEPs_logreg,27,cv_5fold,trivia_qa_240,43,1.0,0.9961799105492428
SEPs_logreg,27,cv_5fold,trivia_qa_241,42,1.0,0.9331032386000574
SEPs_logreg,27,cv_5fold,trivia_qa_241,43,1.0,0.9331032386000574
SEPs_logreg,27,cv_5fold,trivia_qa_242,42,1.0,0.9855714195424532
SEPs_logreg,27,cv_5fold,trivia_qa_242,43,1.0,0.9855714195424532
SEPs_logreg,27,cv_5fold,trivia_qa_243,42,0.0,0.9870894434328946
SEPs_logreg,27,cv_5fold,trivia_qa_243,43,0.0,0.9870894434328946
SEPs_logreg,27,cv_5fold,trivia_qa_244,42,1.0,0.94465152610703
SEPs_logreg,27,cv_5fold,trivia_qa_244,43,1.0,0.94465152610703
SEPs_logreg,27,cv_5fold,trivia_qa_245,42,1.0,0.143443422250217
SEPs_logreg,27,cv_5fold,trivia_qa_245,43,1.0,0.143443422250217
SEPs_logreg,27,cv_5fold,trivia_qa_246,42,1.0,0.9992605385443878
SEPs_logreg,27,cv_5fold,trivia_qa_246,43,1.0,0.9992605385443878
SEPs_logreg,27,cv_5fold,trivia_qa_247,42,1.0,0.9962173604078112
SEPs_logreg,27,cv_5fold,trivia_qa_247,43,1.0,0.9962173604078112
SEPs_logreg,27,cv_5fold,trivia_qa_248,42,1.0,0.9948822948207566
SEPs_logreg,27,cv_5fold,trivia_qa_248,43,1.0,0.9948822948207566
SEPs_logreg,27,cv_5fold,trivia_qa_249,42,1.0,0.9999196483052936
SEPs_logreg,27,cv_5fold,trivia_qa_249,43,1.0,0.9999196483052936
SEPs_logreg,27,cv_5fold,trivia_qa_25,42,1.0,0.1701226261672911
SEPs_logreg,27,cv_5fold,trivia_qa_25,43,0.0,0.1701226261672911
SEPs_logreg,27,cv_5fold,trivia_qa_250,42,1.0,0.8766461203682827
SEPs_logreg,27,cv_5fold,trivia_qa_250,43,1.0,0.8766461203682827
SEPs_logreg,27,cv_5fold,trivia_qa_251,42,1.0,0.9851576658099724
SEPs_logreg,27,cv_5fold,trivia_qa_251,43,1.0,0.9851576658099724
SEPs_logreg,27,cv_5fold,trivia_qa_252,42,1.0,0.9996786667029568
SEPs_logreg,27,cv_5fold,trivia_qa_252,43,1.0,0.9996786667029568
SEPs_logreg,27,cv_5fold,trivia_qa_253,42,1.0,0.9842300120185106
SEPs_logreg,27,cv_5fold,trivia_qa_253,43,1.0,0.9842300120185106
SEPs_logreg,27,cv_5fold,trivia_qa_254,42,1.0,0.9999814895221062
SEPs_logreg,27,cv_5fold,trivia_qa_254,43,1.0,0.9999814895221062
SEPs_logreg,27,cv_5fold,trivia_qa_255,42,0.0,0.0328310240978559
SEPs_logreg,27,cv_5fold,trivia_qa_255,43,0.0,0.0328310240978559
SEPs_logreg,27,cv_5fold,trivia_qa_256,42,1.0,0.9996010048157088
SEPs_logreg,27,cv_5fold,trivia_qa_256,43,1.0,0.9996010048157088
SEPs_logreg,27,cv_5fold,trivia_qa_257,42,0.0,0.1605487936215014
SEPs_logreg,27,cv_5fold,trivia_qa_257,43,0.0,0.1605487936215014
SEPs_logreg,27,cv_5fold,trivia_qa_258,42,0.0,0.6225532962215591
SEPs_logreg,27,cv_5fold,trivia_qa_258,43,0.0,0.6225532962215591
SEPs_logreg,27,cv_5fold,trivia_qa_259,42,0.0,0.945719690490036
SEPs_logreg,27,cv_5fold,trivia_qa_259,43,0.0,0.945719690490036
SEPs_logreg,27,cv_5fold,trivia_qa_26,42,0.0,0.0075110467085166
SEPs_logreg,27,cv_5fold,trivia_qa_26,43,0.0,0.0075110467085166
SEPs_logreg,27,cv_5fold,trivia_qa_260,42,1.0,0.9998376685860448
SEPs_logreg,27,cv_5fold,trivia_qa_260,43,1.0,0.9998376685860448
SEPs_logreg,27,cv_5fold,trivia_qa_261,42,1.0,0.994074201087946
SEPs_logreg,27,cv_5fold,trivia_qa_261,43,1.0,0.994074201087946
SEPs_logreg,27,cv_5fold,trivia_qa_262,42,1.0,0.9998110508314334
SEPs_logreg,27,cv_5fold,trivia_qa_262,43,1.0,0.9998110508314334
SEPs_logreg,27,cv_5fold,trivia_qa_263,42,1.0,0.9918948862238142
SEPs_logreg,27,cv_5fold,trivia_qa_263,43,1.0,0.9918948862238142
SEPs_logreg,27,cv_5fold,trivia_qa_264,42,1.0,0.9998034562279604
SEPs_logreg,27,cv_5fold,trivia_qa_264,43,1.0,0.9998034562279604
SEPs_logreg,27,cv_5fold,trivia_qa_265,42,1.0,0.9993275942881008
SEPs_logreg,27,cv_5fold,trivia_qa_265,43,1.0,0.9993275942881008
SEPs_logreg,27,cv_5fold,trivia_qa_266,42,1.0,0.9998747632011944
SEPs_logreg,27,cv_5fold,trivia_qa_266,43,1.0,0.9998747632011944
SEPs_logreg,27,cv_5fold,trivia_qa_267,42,1.0,0.0022341203551248
SEPs_logreg,27,cv_5fold,trivia_qa_267,43,1.0,0.0022341203551248
SEPs_logreg,27,cv_5fold,trivia_qa_268,42,0.0,0.2404734119607151
SEPs_logreg,27,cv_5fold,trivia_qa_268,43,0.0,0.2404734119607151
SEPs_logreg,27,cv_5fold,trivia_qa_269,42,1.0,0.7918135966071221
SEPs_logreg,27,cv_5fold,trivia_qa_269,43,1.0,0.7918135966071221
SEPs_logreg,27,cv_5fold,trivia_qa_27,42,1.0,0.3895967569191102
SEPs_logreg,27,cv_5fold,trivia_qa_27,43,1.0,0.3895967569191102
SEPs_logreg,27,cv_5fold,trivia_qa_270,42,0.0,0.0002837431890782
SEPs_logreg,27,cv_5fold,trivia_qa_270,43,1.0,0.0002837431890782
SEPs_logreg,27,cv_5fold,trivia_qa_271,42,1.0,0.4525022158016998
SEPs_logreg,27,cv_5fold,trivia_qa_271,43,1.0,0.4525022158016998
SEPs_logreg,27,cv_5fold,trivia_qa_272,42,1.0,0.365644931789326
SEPs_logreg,27,cv_5fold,trivia_qa_272,43,1.0,0.365644931789326
SEPs_logreg,27,cv_5fold,trivia_qa_273,42,0.0,0.0055257511676902
SEPs_logreg,27,cv_5fold,trivia_qa_273,43,0.0,0.0055257511676902
SEPs_logreg,27,cv_5fold,trivia_qa_274,42,0.0,0.8325434002674325
SEPs_logreg,27,cv_5fold,trivia_qa_274,43,0.0,0.8325434002674325
SEPs_logreg,27,cv_5fold,trivia_qa_275,42,1.0,0.0108654218413293
SEPs_logreg,27,cv_5fold,trivia_qa_275,43,1.0,0.0108654218413293
SEPs_logreg,27,cv_5fold,trivia_qa_276,42,0.0,0.987523180930517
SEPs_logreg,27,cv_5fold,trivia_qa_276,43,0.0,0.987523180930517
SEPs_logreg,27,cv_5fold,trivia_qa_277,42,1.0,0.9446916308698412
SEPs_logreg,27,cv_5fold,trivia_qa_277,43,1.0,0.9446916308698412
SEPs_logreg,27,cv_5fold,trivia_qa_278,42,1.0,0.7282419906133126
SEPs_logreg,27,cv_5fold,trivia_qa_278,43,1.0,0.7282419906133126
SEPs_logreg,27,cv_5fold,trivia_qa_279,42,0.0,0.8904533382768105
SEPs_logreg,27,cv_5fold,trivia_qa_279,43,0.0,0.8904533382768105
SEPs_logreg,27,cv_5fold,trivia_qa_28,42,1.0,0.9997633355653164
SEPs_logreg,27,cv_5fold,trivia_qa_28,43,1.0,0.9997633355653164
SEPs_logreg,27,cv_5fold,trivia_qa_280,42,0.0,0.1072412954924193
SEPs_logreg,27,cv_5fold,trivia_qa_280,43,0.0,0.1072412954924193
SEPs_logreg,27,cv_5fold,trivia_qa_281,42,0.0,0.1032275187302751
SEPs_logreg,27,cv_5fold,trivia_qa_281,43,0.0,0.1032275187302751
SEPs_logreg,27,cv_5fold,trivia_qa_282,42,1.0,0.9998993549308048
SEPs_logreg,27,cv_5fold,trivia_qa_282,43,1.0,0.9998993549308048
SEPs_logreg,27,cv_5fold,trivia_qa_283,42,1.0,0.5928794660932337
SEPs_logreg,27,cv_5fold,trivia_qa_283,43,1.0,0.5928794660932337
SEPs_logreg,27,cv_5fold,trivia_qa_284,42,1.0,0.9978945155643416
SEPs_logreg,27,cv_5fold,trivia_qa_284,43,1.0,0.9978945155643416
SEPs_logreg,27,cv_5fold,trivia_qa_285,42,0.0,0.0894597424214937
SEPs_logreg,27,cv_5fold,trivia_qa_285,43,0.0,0.0894597424214937
SEPs_logreg,27,cv_5fold,trivia_qa_286,42,1.0,0.903310749404014
SEPs_logreg,27,cv_5fold,trivia_qa_286,43,1.0,0.903310749404014
SEPs_logreg,27,cv_5fold,trivia_qa_287,42,1.0,0.9772537905626312
SEPs_logreg,27,cv_5fold,trivia_qa_287,43,1.0,0.9772537905626312
SEPs_logreg,27,cv_5fold,trivia_qa_288,42,0.0,0.0754727397718592
SEPs_logreg,27,cv_5fold,trivia_qa_288,43,0.0,0.0754727397718592
SEPs_logreg,27,cv_5fold,trivia_qa_289,42,1.0,0.9999995773735104
SEPs_logreg,27,cv_5fold,trivia_qa_289,43,1.0,0.9999995773735104
SEPs_logreg,27,cv_5fold,trivia_qa_29,42,1.0,0.5995688968709891
SEPs_logreg,27,cv_5fold,trivia_qa_29,43,1.0,0.5995688968709891
SEPs_logreg,27,cv_5fold,trivia_qa_290,42,0.0,0.0280065522397713
SEPs_logreg,27,cv_5fold,trivia_qa_290,43,0.0,0.0280065522397713
SEPs_logreg,27,cv_5fold,trivia_qa_291,42,0.0,0.9856377294029276
SEPs_logreg,27,cv_5fold,trivia_qa_291,43,0.0,0.9856377294029276
SEPs_logreg,27,cv_5fold,trivia_qa_292,42,0.0,0.0043656642055456
SEPs_logreg,27,cv_5fold,trivia_qa_292,43,0.0,0.0043656642055456
SEPs_logreg,27,cv_5fold,trivia_qa_293,42,1.0,0.991777266379912
SEPs_logreg,27,cv_5fold,trivia_qa_293,43,1.0,0.991777266379912
SEPs_logreg,27,cv_5fold,trivia_qa_294,42,1.0,0.9640864975330614
SEPs_logreg,27,cv_5fold,trivia_qa_294,43,1.0,0.9640864975330614
SEPs_logreg,27,cv_5fold,trivia_qa_295,42,1.0,0.9648654400452878
SEPs_logreg,27,cv_5fold,trivia_qa_295,43,1.0,0.9648654400452878
SEPs_logreg,27,cv_5fold,trivia_qa_296,42,1.0,0.4246772539030936
SEPs_logreg,27,cv_5fold,trivia_qa_296,43,1.0,0.4246772539030936
SEPs_logreg,27,cv_5fold,trivia_qa_297,42,0.0,0.9955996438196956
SEPs_logreg,27,cv_5fold,trivia_qa_297,43,0.0,0.9955996438196956
SEPs_logreg,27,cv_5fold,trivia_qa_298,42,0.0,0.9989820388022612
SEPs_logreg,27,cv_5fold,trivia_qa_298,43,1.0,0.9989820388022612
SEPs_logreg,27,cv_5fold,trivia_qa_299,42,0.0,0.0176869198357852
SEPs_logreg,27,cv_5fold,trivia_qa_299,43,0.0,0.0176869198357852
SEPs_logreg,27,cv_5fold,trivia_qa_3,42,0.0,0.0029195131402104
SEPs_logreg,27,cv_5fold,trivia_qa_3,43,0.0,0.0029195131402104
SEPs_logreg,27,cv_5fold,trivia_qa_30,42,0.0,0.8791169264335496
SEPs_logreg,27,cv_5fold,trivia_qa_30,43,0.0,0.8791169264335496
SEPs_logreg,27,cv_5fold,trivia_qa_300,42,1.0,0.7276516871800953
SEPs_logreg,27,cv_5fold,trivia_qa_300,43,1.0,0.7276516871800953
SEPs_logreg,27,cv_5fold,trivia_qa_301,42,1.0,0.999999993398056
SEPs_logreg,27,cv_5fold,trivia_qa_301,43,1.0,0.999999993398056
SEPs_logreg,27,cv_5fold,trivia_qa_302,42,1.0,0.9934992326254504
SEPs_logreg,27,cv_5fold,trivia_qa_302,43,1.0,0.9934992326254504
SEPs_logreg,27,cv_5fold,trivia_qa_303,42,1.0,0.9618368559414432
SEPs_logreg,27,cv_5fold,trivia_qa_303,43,1.0,0.9618368559414432
SEPs_logreg,27,cv_5fold,trivia_qa_304,42,1.0,0.9906353646127296
SEPs_logreg,27,cv_5fold,trivia_qa_304,43,1.0,0.9906353646127296
SEPs_logreg,27,cv_5fold,trivia_qa_305,42,0.0,6.286438268962546e-05
SEPs_logreg,27,cv_5fold,trivia_qa_305,43,0.0,6.286438268962546e-05
SEPs_logreg,27,cv_5fold,trivia_qa_306,42,0.0,0.7282468676585405
SEPs_logreg,27,cv_5fold,trivia_qa_306,43,0.0,0.7282468676585405
SEPs_logreg,27,cv_5fold,trivia_qa_307,42,1.0,0.4429387766634844
SEPs_logreg,27,cv_5fold,trivia_qa_307,43,1.0,0.4429387766634844
SEPs_logreg,27,cv_5fold,trivia_qa_308,42,1.0,0.9998375579784656
SEPs_logreg,27,cv_5fold,trivia_qa_308,43,1.0,0.9998375579784656
SEPs_logreg,27,cv_5fold,trivia_qa_309,42,1.0,0.4878531953715224
SEPs_logreg,27,cv_5fold,trivia_qa_309,43,1.0,0.4878531953715224
SEPs_logreg,27,cv_5fold,trivia_qa_31,42,0.0,0.0450784209353321
SEPs_logreg,27,cv_5fold,trivia_qa_31,43,0.0,0.0450784209353321
SEPs_logreg,27,cv_5fold,trivia_qa_310,42,1.0,0.999739355800082
SEPs_logreg,27,cv_5fold,trivia_qa_310,43,1.0,0.999739355800082
SEPs_logreg,27,cv_5fold,trivia_qa_311,42,0.0,0.2713277545582756
SEPs_logreg,27,cv_5fold,trivia_qa_311,43,0.0,0.2713277545582756
SEPs_logreg,27,cv_5fold,trivia_qa_312,42,0.0,0.967119893300562
SEPs_logreg,27,cv_5fold,trivia_qa_312,43,0.0,0.967119893300562
SEPs_logreg,27,cv_5fold,trivia_qa_313,42,0.0,0.0024548338746297
SEPs_logreg,27,cv_5fold,trivia_qa_313,43,0.0,0.0024548338746297
SEPs_logreg,27,cv_5fold,trivia_qa_314,42,0.0,0.001785840396394
SEPs_logreg,27,cv_5fold,trivia_qa_314,43,0.0,0.001785840396394
SEPs_logreg,27,cv_5fold,trivia_qa_315,42,1.0,0.9989494021970308
SEPs_logreg,27,cv_5fold,trivia_qa_315,43,1.0,0.9989494021970308
SEPs_logreg,27,cv_5fold,trivia_qa_316,42,1.0,0.9965334710357858
SEPs_logreg,27,cv_5fold,trivia_qa_316,43,1.0,0.9965334710357858
SEPs_logreg,27,cv_5fold,trivia_qa_317,42,0.0,0.9864291328698668
SEPs_logreg,27,cv_5fold,trivia_qa_317,43,0.0,0.9864291328698668
SEPs_logreg,27,cv_5fold,trivia_qa_318,42,1.0,0.9358156240040716
SEPs_logreg,27,cv_5fold,trivia_qa_318,43,1.0,0.9358156240040716
SEPs_logreg,27,cv_5fold,trivia_qa_319,42,0.0,0.0683751220654927
SEPs_logreg,27,cv_5fold,trivia_qa_319,43,0.0,0.0683751220654927
SEPs_logreg,27,cv_5fold,trivia_qa_32,42,1.0,0.946786312097066
SEPs_logreg,27,cv_5fold,trivia_qa_32,43,1.0,0.946786312097066
SEPs_logreg,27,cv_5fold,trivia_qa_320,42,1.0,0.9504351051672242
SEPs_logreg,27,cv_5fold,trivia_qa_320,43,1.0,0.9504351051672242
SEPs_logreg,27,cv_5fold,trivia_qa_321,42,1.0,0.0195635257821083
SEPs_logreg,27,cv_5fold,trivia_qa_321,43,1.0,0.0195635257821083
SEPs_logreg,27,cv_5fold,trivia_qa_322,42,0.0,9.355837289776649e-05
SEPs_logreg,27,cv_5fold,trivia_qa_322,43,0.0,9.355837289776649e-05
SEPs_logreg,27,cv_5fold,trivia_qa_323,42,0.0,0.99210308889323
SEPs_logreg,27,cv_5fold,trivia_qa_323,43,0.0,0.99210308889323
SEPs_logreg,27,cv_5fold,trivia_qa_324,42,0.0,0.0153433688291906
SEPs_logreg,27,cv_5fold,trivia_qa_324,43,0.0,0.0153433688291906
SEPs_logreg,27,cv_5fold,trivia_qa_325,42,1.0,0.0189425686814423
SEPs_logreg,27,cv_5fold,trivia_qa_325,43,1.0,0.0189425686814423
SEPs_logreg,27,cv_5fold,trivia_qa_326,42,0.0,0.0005335011973356
SEPs_logreg,27,cv_5fold,trivia_qa_326,43,0.0,0.0005335011973356
SEPs_logreg,27,cv_5fold,trivia_qa_327,42,0.0,0.0001810287215248
SEPs_logreg,27,cv_5fold,trivia_qa_327,43,1.0,0.0001810287215248
SEPs_logreg,27,cv_5fold,trivia_qa_328,42,1.0,0.8130484374747874
SEPs_logreg,27,cv_5fold,trivia_qa_328,43,1.0,0.8130484374747874
SEPs_logreg,27,cv_5fold,trivia_qa_329,42,0.0,0.5855758795712138
SEPs_logreg,27,cv_5fold,trivia_qa_329,43,0.0,0.5855758795712138
SEPs_logreg,27,cv_5fold,trivia_qa_33,42,0.0,0.0518430035012166
SEPs_logreg,27,cv_5fold,trivia_qa_33,43,0.0,0.0518430035012166
SEPs_logreg,27,cv_5fold,trivia_qa_330,42,0.0,0.9509557250364858
SEPs_logreg,27,cv_5fold,trivia_qa_330,43,0.0,0.9509557250364858
SEPs_logreg,27,cv_5fold,trivia_qa_331,42,1.0,0.999801023949316
SEPs_logreg,27,cv_5fold,trivia_qa_331,43,1.0,0.999801023949316
SEPs_logreg,27,cv_5fold,trivia_qa_332,42,1.0,2.1244248422014675e-07
SEPs_logreg,27,cv_5fold,trivia_qa_332,43,1.0,2.1244248422014675e-07
SEPs_logreg,27,cv_5fold,trivia_qa_333,42,0.0,0.0037723366607045
SEPs_logreg,27,cv_5fold,trivia_qa_333,43,0.0,0.0037723366607045
SEPs_logreg,27,cv_5fold,trivia_qa_334,42,0.0,1.4386344706223572e-07
SEPs_logreg,27,cv_5fold,trivia_qa_334,43,0.0,1.4386344706223572e-07
SEPs_logreg,27,cv_5fold,trivia_qa_335,42,0.0,0.0526800602113824
SEPs_logreg,27,cv_5fold,trivia_qa_335,43,0.0,0.0526800602113824
SEPs_logreg,27,cv_5fold,trivia_qa_336,42,0.0,0.9066252602256868
SEPs_logreg,27,cv_5fold,trivia_qa_336,43,0.0,0.9066252602256868
SEPs_logreg,27,cv_5fold,trivia_qa_337,42,1.0,0.9987607344418968
SEPs_logreg,27,cv_5fold,trivia_qa_337,43,1.0,0.9987607344418968
SEPs_logreg,27,cv_5fold,trivia_qa_338,42,1.0,0.9988863085012069
SEPs_logreg,27,cv_5fold,trivia_qa_338,43,1.0,0.9988863085012069
SEPs_logreg,27,cv_5fold,trivia_qa_339,42,1.0,0.996972333597402
SEPs_logreg,27,cv_5fold,trivia_qa_339,43,1.0,0.996972333597402
SEPs_logreg,27,cv_5fold,trivia_qa_34,42,0.0,0.9999146582401388
SEPs_logreg,27,cv_5fold,trivia_qa_34,43,1.0,0.9999146582401388
SEPs_logreg,27,cv_5fold,trivia_qa_340,42,1.0,0.3853210461309329
SEPs_logreg,27,cv_5fold,trivia_qa_340,43,1.0,0.3853210461309329
SEPs_logreg,27,cv_5fold,trivia_qa_341,42,1.0,0.9963290180332852
SEPs_logreg,27,cv_5fold,trivia_qa_341,43,1.0,0.9963290180332852
SEPs_logreg,27,cv_5fold,trivia_qa_342,42,1.0,0.9793465508528572
SEPs_logreg,27,cv_5fold,trivia_qa_342,43,1.0,0.9793465508528572
SEPs_logreg,27,cv_5fold,trivia_qa_343,42,0.0,0.0021781847919166
SEPs_logreg,27,cv_5fold,trivia_qa_343,43,0.0,0.0021781847919166
SEPs_logreg,27,cv_5fold,trivia_qa_344,42,0.0,0.0044729588579886
SEPs_logreg,27,cv_5fold,trivia_qa_344,43,0.0,0.0044729588579886
SEPs_logreg,27,cv_5fold,trivia_qa_345,42,1.0,0.8202967856193397
SEPs_logreg,27,cv_5fold,trivia_qa_345,43,1.0,0.8202967856193397
SEPs_logreg,27,cv_5fold,trivia_qa_346,42,0.0,0.85567119258965
SEPs_logreg,27,cv_5fold,trivia_qa_346,43,0.0,0.85567119258965
SEPs_logreg,27,cv_5fold,trivia_qa_347,42,1.0,0.9858909681578298
SEPs_logreg,27,cv_5fold,trivia_qa_347,43,1.0,0.9858909681578298
SEPs_logreg,27,cv_5fold,trivia_qa_348,42,1.0,0.5863925228337031
SEPs_logreg,27,cv_5fold,trivia_qa_348,43,1.0,0.5863925228337031
SEPs_logreg,27,cv_5fold,trivia_qa_349,42,1.0,0.983139649592796
SEPs_logreg,27,cv_5fold,trivia_qa_349,43,1.0,0.983139649592796
SEPs_logreg,27,cv_5fold,trivia_qa_35,42,1.0,0.9994910979237508
SEPs_logreg,27,cv_5fold,trivia_qa_35,43,1.0,0.9994910979237508
SEPs_logreg,27,cv_5fold,trivia_qa_350,42,1.0,0.0183567672972742
SEPs_logreg,27,cv_5fold,trivia_qa_350,43,1.0,0.0183567672972742
SEPs_logreg,27,cv_5fold,trivia_qa_351,42,0.0,0.996905824965698
SEPs_logreg,27,cv_5fold,trivia_qa_351,43,0.0,0.996905824965698
SEPs_logreg,27,cv_5fold,trivia_qa_352,42,1.0,0.8300507929312463
SEPs_logreg,27,cv_5fold,trivia_qa_352,43,1.0,0.8300507929312463
SEPs_logreg,27,cv_5fold,trivia_qa_353,42,0.0,0.5395350155289321
SEPs_logreg,27,cv_5fold,trivia_qa_353,43,0.0,0.5395350155289321
SEPs_logreg,27,cv_5fold,trivia_qa_354,42,0.0,0.0250229435218921
SEPs_logreg,27,cv_5fold,trivia_qa_354,43,0.0,0.0250229435218921
SEPs_logreg,27,cv_5fold,trivia_qa_355,42,0.0,0.122497595431423
SEPs_logreg,27,cv_5fold,trivia_qa_355,43,0.0,0.122497595431423
SEPs_logreg,27,cv_5fold,trivia_qa_356,42,0.0,0.9414226678365816
SEPs_logreg,27,cv_5fold,trivia_qa_356,43,0.0,0.9414226678365816
SEPs_logreg,27,cv_5fold,trivia_qa_357,42,1.0,0.998990793255675
SEPs_logreg,27,cv_5fold,trivia_qa_357,43,1.0,0.998990793255675
SEPs_logreg,27,cv_5fold,trivia_qa_358,42,0.0,0.0063850344047834
SEPs_logreg,27,cv_5fold,trivia_qa_358,43,0.0,0.0063850344047834
SEPs_logreg,27,cv_5fold,trivia_qa_359,42,0.0,0.7195404102207685
SEPs_logreg,27,cv_5fold,trivia_qa_359,43,0.0,0.7195404102207685
SEPs_logreg,27,cv_5fold,trivia_qa_36,42,1.0,0.9931628095286544
SEPs_logreg,27,cv_5fold,trivia_qa_36,43,1.0,0.9931628095286544
SEPs_logreg,27,cv_5fold,trivia_qa_360,42,0.0,0.0133792088730032
SEPs_logreg,27,cv_5fold,trivia_qa_360,43,0.0,0.0133792088730032
SEPs_logreg,27,cv_5fold,trivia_qa_361,42,1.0,0.9945239558681452
SEPs_logreg,27,cv_5fold,trivia_qa_361,43,1.0,0.9945239558681452
SEPs_logreg,27,cv_5fold,trivia_qa_362,42,0.0,0.795574058642986
SEPs_logreg,27,cv_5fold,trivia_qa_362,43,0.0,0.795574058642986
SEPs_logreg,27,cv_5fold,trivia_qa_363,42,0.0,0.3687313257850064
SEPs_logreg,27,cv_5fold,trivia_qa_363,43,0.0,0.3687313257850064
SEPs_logreg,27,cv_5fold,trivia_qa_364,42,1.0,0.9973157768253356
SEPs_logreg,27,cv_5fold,trivia_qa_364,43,1.0,0.9973157768253356
SEPs_logreg,27,cv_5fold,trivia_qa_365,42,1.0,0.9998205171199508
SEPs_logreg,27,cv_5fold,trivia_qa_365,43,1.0,0.9998205171199508
SEPs_logreg,27,cv_5fold,trivia_qa_366,42,1.0,0.0803435898490447
SEPs_logreg,27,cv_5fold,trivia_qa_366,43,1.0,0.0803435898490447
SEPs_logreg,27,cv_5fold,trivia_qa_367,42,1.0,0.730576017490949
SEPs_logreg,27,cv_5fold,trivia_qa_367,43,1.0,0.730576017490949
SEPs_logreg,27,cv_5fold,trivia_qa_368,42,0.0,0.0194398488670494
SEPs_logreg,27,cv_5fold,trivia_qa_368,43,0.0,0.0194398488670494
SEPs_logreg,27,cv_5fold,trivia_qa_369,42,0.0,0.0047551009459133
SEPs_logreg,27,cv_5fold,trivia_qa_369,43,0.0,0.0047551009459133
SEPs_logreg,27,cv_5fold,trivia_qa_37,42,0.0,3.916182067116155e-06
SEPs_logreg,27,cv_5fold,trivia_qa_37,43,0.0,3.916182067116155e-06
SEPs_logreg,27,cv_5fold,trivia_qa_370,42,1.0,0.3493639278001993
SEPs_logreg,27,cv_5fold,trivia_qa_370,43,1.0,0.3493639278001993
SEPs_logreg,27,cv_5fold,trivia_qa_371,42,1.0,0.9999843012237312
SEPs_logreg,27,cv_5fold,trivia_qa_371,43,1.0,0.9999843012237312
SEPs_logreg,27,cv_5fold,trivia_qa_372,42,1.0,0.9999748018932466
SEPs_logreg,27,cv_5fold,trivia_qa_372,43,1.0,0.9999748018932466
SEPs_logreg,27,cv_5fold,trivia_qa_373,42,0.0,2.640047714755219e-05
SEPs_logreg,27,cv_5fold,trivia_qa_373,43,0.0,2.640047714755219e-05
SEPs_logreg,27,cv_5fold,trivia_qa_374,42,0.0,0.3652399333064295
SEPs_logreg,27,cv_5fold,trivia_qa_374,43,0.0,0.3652399333064295
SEPs_logreg,27,cv_5fold,trivia_qa_375,42,1.0,0.8708285864716891
SEPs_logreg,27,cv_5fold,trivia_qa_375,43,1.0,0.8708285864716891
SEPs_logreg,27,cv_5fold,trivia_qa_376,42,0.0,0.9974838511807924
SEPs_logreg,27,cv_5fold,trivia_qa_376,43,1.0,0.9974838511807924
SEPs_logreg,27,cv_5fold,trivia_qa_377,42,1.0,0.9999727075096484
SEPs_logreg,27,cv_5fold,trivia_qa_377,43,1.0,0.9999727075096484
SEPs_logreg,27,cv_5fold,trivia_qa_378,42,1.0,0.0081713175562311
SEPs_logreg,27,cv_5fold,trivia_qa_378,43,1.0,0.0081713175562311
SEPs_logreg,27,cv_5fold,trivia_qa_379,42,0.0,0.001027992054587
SEPs_logreg,27,cv_5fold,trivia_qa_379,43,0.0,0.001027992054587
SEPs_logreg,27,cv_5fold,trivia_qa_38,42,1.0,0.9946144581628984
SEPs_logreg,27,cv_5fold,trivia_qa_38,43,1.0,0.9946144581628984
SEPs_logreg,27,cv_5fold,trivia_qa_380,42,0.0,0.3037604898044582
SEPs_logreg,27,cv_5fold,trivia_qa_380,43,0.0,0.3037604898044582
SEPs_logreg,27,cv_5fold,trivia_qa_381,42,0.0,0.1997667387387051
SEPs_logreg,27,cv_5fold,trivia_qa_381,43,0.0,0.1997667387387051
SEPs_logreg,27,cv_5fold,trivia_qa_382,42,0.0,0.9838692381207907
SEPs_logreg,27,cv_5fold,trivia_qa_382,43,0.0,0.9838692381207907
SEPs_logreg,27,cv_5fold,trivia_qa_383,42,0.0,0.0506749875974298
SEPs_logreg,27,cv_5fold,trivia_qa_383,43,0.0,0.0506749875974298
SEPs_logreg,27,cv_5fold,trivia_qa_384,42,0.0,0.7839397810824767
SEPs_logreg,27,cv_5fold,trivia_qa_384,43,1.0,0.7839397810824767
SEPs_logreg,27,cv_5fold,trivia_qa_385,42,0.0,0.0011363190085923
SEPs_logreg,27,cv_5fold,trivia_qa_385,43,0.0,0.0011363190085923
SEPs_logreg,27,cv_5fold,trivia_qa_386,42,0.0,0.0006258203914735
SEPs_logreg,27,cv_5fold,trivia_qa_386,43,0.0,0.0006258203914735
SEPs_logreg,27,cv_5fold,trivia_qa_387,42,0.0,0.6067512646818725
SEPs_logreg,27,cv_5fold,trivia_qa_387,43,0.0,0.6067512646818725
SEPs_logreg,27,cv_5fold,trivia_qa_388,42,1.0,0.9994360303191068
SEPs_logreg,27,cv_5fold,trivia_qa_388,43,1.0,0.9994360303191068
SEPs_logreg,27,cv_5fold,trivia_qa_389,42,0.0,0.1208340909400587
SEPs_logreg,27,cv_5fold,trivia_qa_389,43,0.0,0.1208340909400587
SEPs_logreg,27,cv_5fold,trivia_qa_39,42,0.0,0.0003049526929095
SEPs_logreg,27,cv_5fold,trivia_qa_39,43,0.0,0.0003049526929095
SEPs_logreg,27,cv_5fold,trivia_qa_390,42,1.0,0.8667647884865256
SEPs_logreg,27,cv_5fold,trivia_qa_390,43,1.0,0.8667647884865256
SEPs_logreg,27,cv_5fold,trivia_qa_391,42,1.0,0.9940419952560334
SEPs_logreg,27,cv_5fold,trivia_qa_391,43,1.0,0.9940419952560334
SEPs_logreg,27,cv_5fold,trivia_qa_392,42,1.0,0.9993808275350654
SEPs_logreg,27,cv_5fold,trivia_qa_392,43,1.0,0.9993808275350654
SEPs_logreg,27,cv_5fold,trivia_qa_393,42,0.0,0.0063926154717501
SEPs_logreg,27,cv_5fold,trivia_qa_393,43,0.0,0.0063926154717501
SEPs_logreg,27,cv_5fold,trivia_qa_394,42,1.0,0.999462792870274
SEPs_logreg,27,cv_5fold,trivia_qa_394,43,1.0,0.999462792870274
SEPs_logreg,27,cv_5fold,trivia_qa_395,42,1.0,0.0113579792203279
SEPs_logreg,27,cv_5fold,trivia_qa_395,43,1.0,0.0113579792203279
SEPs_logreg,27,cv_5fold,trivia_qa_396,42,1.0,0.9973079537808422
SEPs_logreg,27,cv_5fold,trivia_qa_396,43,1.0,0.9973079537808422
SEPs_logreg,27,cv_5fold,trivia_qa_397,42,0.0,0.8165271649139426
SEPs_logreg,27,cv_5fold,trivia_qa_397,43,0.0,0.8165271649139426
SEPs_logreg,27,cv_5fold,trivia_qa_398,42,0.0,0.0018784535763181
SEPs_logreg,27,cv_5fold,trivia_qa_398,43,0.0,0.0018784535763181
SEPs_logreg,27,cv_5fold,trivia_qa_399,42,0.0,1.540565177245244e-05
SEPs_logreg,27,cv_5fold,trivia_qa_399,43,0.0,1.540565177245244e-05
SEPs_logreg,27,cv_5fold,trivia_qa_4,42,1.0,0.8674318027013335
SEPs_logreg,27,cv_5fold,trivia_qa_4,43,1.0,0.8674318027013335
SEPs_logreg,27,cv_5fold,trivia_qa_40,42,0.0,0.5612482842113209
SEPs_logreg,27,cv_5fold,trivia_qa_40,43,0.0,0.5612482842113209
SEPs_logreg,27,cv_5fold,trivia_qa_400,42,1.0,0.9999999872357104
SEPs_logreg,27,cv_5fold,trivia_qa_400,43,1.0,0.9999999872357104
SEPs_logreg,27,cv_5fold,trivia_qa_401,42,1.0,0.9986979004494022
SEPs_logreg,27,cv_5fold,trivia_qa_401,43,1.0,0.9986979004494022
SEPs_logreg,27,cv_5fold,trivia_qa_402,42,1.0,0.7040473055835369
SEPs_logreg,27,cv_5fold,trivia_qa_402,43,1.0,0.7040473055835369
SEPs_logreg,27,cv_5fold,trivia_qa_403,42,0.0,1.7861682884028371e-06
SEPs_logreg,27,cv_5fold,trivia_qa_403,43,0.0,1.7861682884028371e-06
SEPs_logreg,27,cv_5fold,trivia_qa_404,42,1.0,0.9879557063757493
SEPs_logreg,27,cv_5fold,trivia_qa_404,43,1.0,0.9879557063757493
SEPs_logreg,27,cv_5fold,trivia_qa_405,42,1.0,0.9971810315767172
SEPs_logreg,27,cv_5fold,trivia_qa_405,43,1.0,0.9971810315767172
SEPs_logreg,27,cv_5fold,trivia_qa_406,42,1.0,0.9998828970286664
SEPs_logreg,27,cv_5fold,trivia_qa_406,43,1.0,0.9998828970286664
SEPs_logreg,27,cv_5fold,trivia_qa_407,42,1.0,0.9913977859382876
SEPs_logreg,27,cv_5fold,trivia_qa_407,43,1.0,0.9913977859382876
SEPs_logreg,27,cv_5fold,trivia_qa_408,42,1.0,0.9997657488257394
SEPs_logreg,27,cv_5fold,trivia_qa_408,43,1.0,0.9997657488257394
SEPs_logreg,27,cv_5fold,trivia_qa_409,42,1.0,0.9987218041322335
SEPs_logreg,27,cv_5fold,trivia_qa_409,43,1.0,0.9987218041322335
SEPs_logreg,27,cv_5fold,trivia_qa_41,42,0.0,0.3664972376604754
SEPs_logreg,27,cv_5fold,trivia_qa_41,43,0.0,0.3664972376604754
SEPs_logreg,27,cv_5fold,trivia_qa_410,42,1.0,0.8665628864977821
SEPs_logreg,27,cv_5fold,trivia_qa_410,43,1.0,0.8665628864977821
SEPs_logreg,27,cv_5fold,trivia_qa_411,42,0.0,0.9964978797974636
SEPs_logreg,27,cv_5fold,trivia_qa_411,43,0.0,0.9964978797974636
SEPs_logreg,27,cv_5fold,trivia_qa_412,42,1.0,0.9922475104882392
SEPs_logreg,27,cv_5fold,trivia_qa_412,43,1.0,0.9922475104882392
SEPs_logreg,27,cv_5fold,trivia_qa_413,42,1.0,0.9761402995612506
SEPs_logreg,27,cv_5fold,trivia_qa_413,43,1.0,0.9761402995612506
SEPs_logreg,27,cv_5fold,trivia_qa_414,42,1.0,0.9991729732670392
SEPs_logreg,27,cv_5fold,trivia_qa_414,43,1.0,0.9991729732670392
SEPs_logreg,27,cv_5fold,trivia_qa_415,42,0.0,0.1740969544196232
SEPs_logreg,27,cv_5fold,trivia_qa_415,43,0.0,0.1740969544196232
SEPs_logreg,27,cv_5fold,trivia_qa_416,42,0.0,0.9934316042254804
SEPs_logreg,27,cv_5fold,trivia_qa_416,43,0.0,0.9934316042254804
SEPs_logreg,27,cv_5fold,trivia_qa_417,42,1.0,0.0630773355124115
SEPs_logreg,27,cv_5fold,trivia_qa_417,43,1.0,0.0630773355124115
SEPs_logreg,27,cv_5fold,trivia_qa_418,42,1.0,0.3859065539968929
SEPs_logreg,27,cv_5fold,trivia_qa_418,43,1.0,0.3859065539968929
SEPs_logreg,27,cv_5fold,trivia_qa_419,42,1.0,0.0504375315428836
SEPs_logreg,27,cv_5fold,trivia_qa_419,43,1.0,0.0504375315428836
SEPs_logreg,27,cv_5fold,trivia_qa_42,42,0.0,0.9823547406486248
SEPs_logreg,27,cv_5fold,trivia_qa_42,43,0.0,0.9823547406486248
SEPs_logreg,27,cv_5fold,trivia_qa_420,42,1.0,0.9956853188919254
SEPs_logreg,27,cv_5fold,trivia_qa_420,43,1.0,0.9956853188919254
SEPs_logreg,27,cv_5fold,trivia_qa_421,42,1.0,0.9899032970520448
SEPs_logreg,27,cv_5fold,trivia_qa_421,43,1.0,0.9899032970520448
SEPs_logreg,27,cv_5fold,trivia_qa_422,42,0.0,0.0321853541557132
SEPs_logreg,27,cv_5fold,trivia_qa_422,43,0.0,0.0321853541557132
SEPs_logreg,27,cv_5fold,trivia_qa_423,42,0.0,0.227515796384223
SEPs_logreg,27,cv_5fold,trivia_qa_423,43,0.0,0.227515796384223
SEPs_logreg,27,cv_5fold,trivia_qa_424,42,1.0,0.9982150389371182
SEPs_logreg,27,cv_5fold,trivia_qa_424,43,1.0,0.9982150389371182
SEPs_logreg,27,cv_5fold,trivia_qa_425,42,1.0,0.918327718760776
SEPs_logreg,27,cv_5fold,trivia_qa_425,43,1.0,0.918327718760776
SEPs_logreg,27,cv_5fold,trivia_qa_426,42,1.0,0.9988371789096068
SEPs_logreg,27,cv_5fold,trivia_qa_426,43,1.0,0.9988371789096068
SEPs_logreg,27,cv_5fold,trivia_qa_427,42,0.0,0.0002231294637478
SEPs_logreg,27,cv_5fold,trivia_qa_427,43,0.0,0.0002231294637478
SEPs_logreg,27,cv_5fold,trivia_qa_428,42,1.0,0.8682020531036606
SEPs_logreg,27,cv_5fold,trivia_qa_428,43,0.0,0.8682020531036606
SEPs_logreg,27,cv_5fold,trivia_qa_429,42,1.0,0.1041546099431733
SEPs_logreg,27,cv_5fold,trivia_qa_429,43,1.0,0.1041546099431733
SEPs_logreg,27,cv_5fold,trivia_qa_43,42,1.0,0.867739691762999
SEPs_logreg,27,cv_5fold,trivia_qa_43,43,1.0,0.867739691762999
SEPs_logreg,27,cv_5fold,trivia_qa_430,42,1.0,0.9907289983319209
SEPs_logreg,27,cv_5fold,trivia_qa_430,43,1.0,0.9907289983319209
SEPs_logreg,27,cv_5fold,trivia_qa_431,42,1.0,0.6426252547825607
SEPs_logreg,27,cv_5fold,trivia_qa_431,43,0.0,0.6426252547825607
SEPs_logreg,27,cv_5fold,trivia_qa_432,42,0.0,1.4397768392314112e-06
SEPs_logreg,27,cv_5fold,trivia_qa_432,43,0.0,1.4397768392314112e-06
SEPs_logreg,27,cv_5fold,trivia_qa_433,42,0.0,0.149885379823475
SEPs_logreg,27,cv_5fold,trivia_qa_433,43,0.0,0.149885379823475
SEPs_logreg,27,cv_5fold,trivia_qa_434,42,0.0,0.0038335192422531
SEPs_logreg,27,cv_5fold,trivia_qa_434,43,0.0,0.0038335192422531
SEPs_logreg,27,cv_5fold,trivia_qa_435,42,0.0,0.9451898756000178
SEPs_logreg,27,cv_5fold,trivia_qa_435,43,0.0,0.9451898756000178
SEPs_logreg,27,cv_5fold,trivia_qa_436,42,0.0,0.453547103797543
SEPs_logreg,27,cv_5fold,trivia_qa_436,43,0.0,0.453547103797543
SEPs_logreg,27,cv_5fold,trivia_qa_437,42,1.0,0.9999848464742124
SEPs_logreg,27,cv_5fold,trivia_qa_437,43,1.0,0.9999848464742124
SEPs_logreg,27,cv_5fold,trivia_qa_438,42,0.0,0.0015972499339951
SEPs_logreg,27,cv_5fold,trivia_qa_438,43,0.0,0.0015972499339951
SEPs_logreg,27,cv_5fold,trivia_qa_439,42,1.0,0.4442214862968668
SEPs_logreg,27,cv_5fold,trivia_qa_439,43,1.0,0.4442214862968668
SEPs_logreg,27,cv_5fold,trivia_qa_44,42,0.0,0.9659370451504468
SEPs_logreg,27,cv_5fold,trivia_qa_44,43,0.0,0.9659370451504468
SEPs_logreg,27,cv_5fold,trivia_qa_440,42,0.0,0.000575872993632
SEPs_logreg,27,cv_5fold,trivia_qa_440,43,0.0,0.000575872993632
SEPs_logreg,27,cv_5fold,trivia_qa_441,42,1.0,0.2227388208016984
SEPs_logreg,27,cv_5fold,trivia_qa_441,43,0.0,0.2227388208016984
SEPs_logreg,27,cv_5fold,trivia_qa_442,42,0.0,0.000503488301402
SEPs_logreg,27,cv_5fold,trivia_qa_442,43,0.0,0.000503488301402
SEPs_logreg,27,cv_5fold,trivia_qa_443,42,0.0,0.0080515444436146
SEPs_logreg,27,cv_5fold,trivia_qa_443,43,0.0,0.0080515444436146
SEPs_logreg,27,cv_5fold,trivia_qa_444,42,1.0,0.9456351405853528
SEPs_logreg,27,cv_5fold,trivia_qa_444,43,1.0,0.9456351405853528
SEPs_logreg,27,cv_5fold,trivia_qa_445,42,0.0,0.9998270111294758
SEPs_logreg,27,cv_5fold,trivia_qa_445,43,0.0,0.9998270111294758
SEPs_logreg,27,cv_5fold,trivia_qa_446,42,1.0,0.8893034568790338
SEPs_logreg,27,cv_5fold,trivia_qa_446,43,0.0,0.8893034568790338
SEPs_logreg,27,cv_5fold,trivia_qa_447,42,0.0,0.5663634171840535
SEPs_logreg,27,cv_5fold,trivia_qa_447,43,1.0,0.5663634171840535
SEPs_logreg,27,cv_5fold,trivia_qa_448,42,0.0,0.0145248261755271
SEPs_logreg,27,cv_5fold,trivia_qa_448,43,0.0,0.0145248261755271
SEPs_logreg,27,cv_5fold,trivia_qa_449,42,1.0,0.0028099147843291
SEPs_logreg,27,cv_5fold,trivia_qa_449,43,1.0,0.0028099147843291
SEPs_logreg,27,cv_5fold,trivia_qa_45,42,1.0,0.994859260920184
SEPs_logreg,27,cv_5fold,trivia_qa_45,43,1.0,0.994859260920184
SEPs_logreg,27,cv_5fold,trivia_qa_450,42,0.0,0.0013192894627489
SEPs_logreg,27,cv_5fold,trivia_qa_450,43,0.0,0.0013192894627489
SEPs_logreg,27,cv_5fold,trivia_qa_451,42,0.0,0.5231870178428031
SEPs_logreg,27,cv_5fold,trivia_qa_451,43,0.0,0.5231870178428031
SEPs_logreg,27,cv_5fold,trivia_qa_452,42,1.0,0.9924166305828712
SEPs_logreg,27,cv_5fold,trivia_qa_452,43,1.0,0.9924166305828712
SEPs_logreg,27,cv_5fold,trivia_qa_453,42,1.0,0.9994523481724288
SEPs_logreg,27,cv_5fold,trivia_qa_453,43,1.0,0.9994523481724288
SEPs_logreg,27,cv_5fold,trivia_qa_454,42,0.0,0.0135787078695841
SEPs_logreg,27,cv_5fold,trivia_qa_454,43,0.0,0.0135787078695841
SEPs_logreg,27,cv_5fold,trivia_qa_455,42,1.0,0.7673378901717167
SEPs_logreg,27,cv_5fold,trivia_qa_455,43,1.0,0.7673378901717167
SEPs_logreg,27,cv_5fold,trivia_qa_456,42,1.0,0.6165761959537741
SEPs_logreg,27,cv_5fold,trivia_qa_456,43,1.0,0.6165761959537741
SEPs_logreg,27,cv_5fold,trivia_qa_457,42,1.0,0.996888624314038
SEPs_logreg,27,cv_5fold,trivia_qa_457,43,1.0,0.996888624314038
SEPs_logreg,27,cv_5fold,trivia_qa_458,42,0.0,0.006027575509778
SEPs_logreg,27,cv_5fold,trivia_qa_458,43,0.0,0.006027575509778
SEPs_logreg,27,cv_5fold,trivia_qa_459,42,1.0,0.9566262158938136
SEPs_logreg,27,cv_5fold,trivia_qa_459,43,1.0,0.9566262158938136
SEPs_logreg,27,cv_5fold,trivia_qa_46,42,1.0,0.9980349086182962
SEPs_logreg,27,cv_5fold,trivia_qa_46,43,1.0,0.9980349086182962
SEPs_logreg,27,cv_5fold,trivia_qa_460,42,1.0,0.9999819178878144
SEPs_logreg,27,cv_5fold,trivia_qa_460,43,1.0,0.9999819178878144
SEPs_logreg,27,cv_5fold,trivia_qa_461,42,0.0,0.0040645653864733
SEPs_logreg,27,cv_5fold,trivia_qa_461,43,0.0,0.0040645653864733
SEPs_logreg,27,cv_5fold,trivia_qa_462,42,1.0,0.012727370293257
SEPs_logreg,27,cv_5fold,trivia_qa_462,43,1.0,0.012727370293257
SEPs_logreg,27,cv_5fold,trivia_qa_463,42,0.0,0.4125970346369386
SEPs_logreg,27,cv_5fold,trivia_qa_463,43,0.0,0.4125970346369386
SEPs_logreg,27,cv_5fold,trivia_qa_464,42,1.0,0.7988591782301555
SEPs_logreg,27,cv_5fold,trivia_qa_464,43,1.0,0.7988591782301555
SEPs_logreg,27,cv_5fold,trivia_qa_465,42,1.0,0.9755686874922672
SEPs_logreg,27,cv_5fold,trivia_qa_465,43,1.0,0.9755686874922672
SEPs_logreg,27,cv_5fold,trivia_qa_466,42,1.0,0.9774800369600316
SEPs_logreg,27,cv_5fold,trivia_qa_466,43,1.0,0.9774800369600316
SEPs_logreg,27,cv_5fold,trivia_qa_467,42,1.0,0.9766504584547284
SEPs_logreg,27,cv_5fold,trivia_qa_467,43,1.0,0.9766504584547284
SEPs_logreg,27,cv_5fold,trivia_qa_468,42,0.0,1.4562481271728396e-05
SEPs_logreg,27,cv_5fold,trivia_qa_468,43,0.0,1.4562481271728396e-05
SEPs_logreg,27,cv_5fold,trivia_qa_469,42,0.0,0.7362005329611044
SEPs_logreg,27,cv_5fold,trivia_qa_469,43,0.0,0.7362005329611044
SEPs_logreg,27,cv_5fold,trivia_qa_47,42,1.0,0.0073225855749598
SEPs_logreg,27,cv_5fold,trivia_qa_47,43,1.0,0.0073225855749598
SEPs_logreg,27,cv_5fold,trivia_qa_470,42,1.0,0.9975126535665652
SEPs_logreg,27,cv_5fold,trivia_qa_470,43,1.0,0.9975126535665652
SEPs_logreg,27,cv_5fold,trivia_qa_471,42,1.0,0.9964860191573578
SEPs_logreg,27,cv_5fold,trivia_qa_471,43,1.0,0.9964860191573578
SEPs_logreg,27,cv_5fold,trivia_qa_472,42,1.0,0.3855722699590084
SEPs_logreg,27,cv_5fold,trivia_qa_472,43,1.0,0.3855722699590084
SEPs_logreg,27,cv_5fold,trivia_qa_473,42,1.0,0.0007983599645409
SEPs_logreg,27,cv_5fold,trivia_qa_473,43,1.0,0.0007983599645409
SEPs_logreg,27,cv_5fold,trivia_qa_474,42,1.0,0.9999125710865816
SEPs_logreg,27,cv_5fold,trivia_qa_474,43,1.0,0.9999125710865816
SEPs_logreg,27,cv_5fold,trivia_qa_475,42,1.0,0.7175708096336966
SEPs_logreg,27,cv_5fold,trivia_qa_475,43,1.0,0.7175708096336966
SEPs_logreg,27,cv_5fold,trivia_qa_476,42,1.0,0.997406570040036
SEPs_logreg,27,cv_5fold,trivia_qa_476,43,1.0,0.997406570040036
SEPs_logreg,27,cv_5fold,trivia_qa_477,42,1.0,0.2718445556608264
SEPs_logreg,27,cv_5fold,trivia_qa_477,43,1.0,0.2718445556608264
SEPs_logreg,27,cv_5fold,trivia_qa_478,42,1.0,0.615609445897597
SEPs_logreg,27,cv_5fold,trivia_qa_478,43,1.0,0.615609445897597
SEPs_logreg,27,cv_5fold,trivia_qa_479,42,1.0,0.9972533969636332
SEPs_logreg,27,cv_5fold,trivia_qa_479,43,1.0,0.9972533969636332
SEPs_logreg,27,cv_5fold,trivia_qa_48,42,0.0,0.8985056726525871
SEPs_logreg,27,cv_5fold,trivia_qa_48,43,0.0,0.8985056726525871
SEPs_logreg,27,cv_5fold,trivia_qa_480,42,1.0,0.9759516874945986
SEPs_logreg,27,cv_5fold,trivia_qa_480,43,1.0,0.9759516874945986
SEPs_logreg,27,cv_5fold,trivia_qa_481,42,0.0,0.6408749663821383
SEPs_logreg,27,cv_5fold,trivia_qa_481,43,0.0,0.6408749663821383
SEPs_logreg,27,cv_5fold,trivia_qa_482,42,1.0,0.0780824010285585
SEPs_logreg,27,cv_5fold,trivia_qa_482,43,1.0,0.0780824010285585
SEPs_logreg,27,cv_5fold,trivia_qa_483,42,0.0,0.0001874562132522
SEPs_logreg,27,cv_5fold,trivia_qa_483,43,0.0,0.0001874562132522
SEPs_logreg,27,cv_5fold,trivia_qa_484,42,1.0,0.3223939111522604
SEPs_logreg,27,cv_5fold,trivia_qa_484,43,1.0,0.3223939111522604
SEPs_logreg,27,cv_5fold,trivia_qa_485,42,1.0,0.9829250487210912
SEPs_logreg,27,cv_5fold,trivia_qa_485,43,1.0,0.9829250487210912
SEPs_logreg,27,cv_5fold,trivia_qa_486,42,1.0,0.9999049310405724
SEPs_logreg,27,cv_5fold,trivia_qa_486,43,1.0,0.9999049310405724
SEPs_logreg,27,cv_5fold,trivia_qa_487,42,0.0,0.0919789937349661
SEPs_logreg,27,cv_5fold,trivia_qa_487,43,0.0,0.0919789937349661
SEPs_logreg,27,cv_5fold,trivia_qa_488,42,1.0,0.99999419846653
SEPs_logreg,27,cv_5fold,trivia_qa_488,43,1.0,0.99999419846653
SEPs_logreg,27,cv_5fold,trivia_qa_489,42,1.0,0.0233928860760948
SEPs_logreg,27,cv_5fold,trivia_qa_489,43,1.0,0.0233928860760948
SEPs_logreg,27,cv_5fold,trivia_qa_49,42,1.0,0.999679430460606
SEPs_logreg,27,cv_5fold,trivia_qa_49,43,1.0,0.999679430460606
SEPs_logreg,27,cv_5fold,trivia_qa_490,42,0.0,0.0019280524334578
SEPs_logreg,27,cv_5fold,trivia_qa_490,43,0.0,0.0019280524334578
SEPs_logreg,27,cv_5fold,trivia_qa_491,42,1.0,0.1011657727621752
SEPs_logreg,27,cv_5fold,trivia_qa_491,43,1.0,0.1011657727621752
SEPs_logreg,27,cv_5fold,trivia_qa_492,42,1.0,0.0033045129506419
SEPs_logreg,27,cv_5fold,trivia_qa_492,43,1.0,0.0033045129506419
SEPs_logreg,27,cv_5fold,trivia_qa_493,42,1.0,0.9999973570421596
SEPs_logreg,27,cv_5fold,trivia_qa_493,43,1.0,0.9999973570421596
SEPs_logreg,27,cv_5fold,trivia_qa_494,42,0.0,0.5506932912338492
SEPs_logreg,27,cv_5fold,trivia_qa_494,43,0.0,0.5506932912338492
SEPs_logreg,27,cv_5fold,trivia_qa_495,42,0.0,0.0238024007085747
SEPs_logreg,27,cv_5fold,trivia_qa_495,43,0.0,0.0238024007085747
SEPs_logreg,27,cv_5fold,trivia_qa_496,42,0.0,0.0033881661161456
SEPs_logreg,27,cv_5fold,trivia_qa_496,43,0.0,0.0033881661161456
SEPs_logreg,27,cv_5fold,trivia_qa_497,42,1.0,0.9729688246141134
SEPs_logreg,27,cv_5fold,trivia_qa_497,43,1.0,0.9729688246141134
SEPs_logreg,27,cv_5fold,trivia_qa_498,42,1.0,0.9999976909751994
SEPs_logreg,27,cv_5fold,trivia_qa_498,43,1.0,0.9999976909751994
SEPs_logreg,27,cv_5fold,trivia_qa_499,42,1.0,0.9754835055576444
SEPs_logreg,27,cv_5fold,trivia_qa_499,43,1.0,0.9754835055576444
SEPs_logreg,27,cv_5fold,trivia_qa_5,42,0.0,0.0117344823993225
SEPs_logreg,27,cv_5fold,trivia_qa_5,43,0.0,0.0117344823993225
SEPs_logreg,27,cv_5fold,trivia_qa_50,42,1.0,0.9996142352472832
SEPs_logreg,27,cv_5fold,trivia_qa_50,43,1.0,0.9996142352472832
SEPs_logreg,27,cv_5fold,trivia_qa_51,42,0.0,0.0061321655174744
SEPs_logreg,27,cv_5fold,trivia_qa_51,43,0.0,0.0061321655174744
SEPs_logreg,27,cv_5fold,trivia_qa_52,42,0.0,0.6792270391230967
SEPs_logreg,27,cv_5fold,trivia_qa_52,43,0.0,0.6792270391230967
SEPs_logreg,27,cv_5fold,trivia_qa_53,42,0.0,0.0066409862032732
SEPs_logreg,27,cv_5fold,trivia_qa_53,43,0.0,0.0066409862032732
SEPs_logreg,27,cv_5fold,trivia_qa_54,42,0.0,0.9974309206969086
SEPs_logreg,27,cv_5fold,trivia_qa_54,43,0.0,0.9974309206969086
SEPs_logreg,27,cv_5fold,trivia_qa_55,42,1.0,0.9996547426228344
SEPs_logreg,27,cv_5fold,trivia_qa_55,43,1.0,0.9996547426228344
SEPs_logreg,27,cv_5fold,trivia_qa_56,42,0.0,0.0065223357869244
SEPs_logreg,27,cv_5fold,trivia_qa_56,43,0.0,0.0065223357869244
SEPs_logreg,27,cv_5fold,trivia_qa_57,42,0.0,0.9881429571301468
SEPs_logreg,27,cv_5fold,trivia_qa_57,43,0.0,0.9881429571301468
SEPs_logreg,27,cv_5fold,trivia_qa_58,42,1.0,0.0130420691279997
SEPs_logreg,27,cv_5fold,trivia_qa_58,43,1.0,0.0130420691279997
SEPs_logreg,27,cv_5fold,trivia_qa_59,42,0.0,0.0036467953078857
SEPs_logreg,27,cv_5fold,trivia_qa_59,43,0.0,0.0036467953078857
SEPs_logreg,27,cv_5fold,trivia_qa_6,42,0.0,0.9474922101723536
SEPs_logreg,27,cv_5fold,trivia_qa_6,43,0.0,0.9474922101723536
SEPs_logreg,27,cv_5fold,trivia_qa_60,42,1.0,0.9942433882525852
SEPs_logreg,27,cv_5fold,trivia_qa_60,43,1.0,0.9942433882525852
SEPs_logreg,27,cv_5fold,trivia_qa_61,42,0.0,0.8369967523274806
SEPs_logreg,27,cv_5fold,trivia_qa_61,43,0.0,0.8369967523274806
SEPs_logreg,27,cv_5fold,trivia_qa_62,42,1.0,0.7175904177892495
SEPs_logreg,27,cv_5fold,trivia_qa_62,43,1.0,0.7175904177892495
SEPs_logreg,27,cv_5fold,trivia_qa_63,42,0.0,0.5915827150409468
SEPs_logreg,27,cv_5fold,trivia_qa_63,43,0.0,0.5915827150409468
SEPs_logreg,27,cv_5fold,trivia_qa_64,42,1.0,0.0056513790063495
SEPs_logreg,27,cv_5fold,trivia_qa_64,43,0.0,0.0056513790063495
SEPs_logreg,27,cv_5fold,trivia_qa_65,42,0.0,0.0381042311919689
SEPs_logreg,27,cv_5fold,trivia_qa_65,43,0.0,0.0381042311919689
SEPs_logreg,27,cv_5fold,trivia_qa_66,42,1.0,0.9998273548857152
SEPs_logreg,27,cv_5fold,trivia_qa_66,43,1.0,0.9998273548857152
SEPs_logreg,27,cv_5fold,trivia_qa_67,42,0.0,0.1670867495925364
SEPs_logreg,27,cv_5fold,trivia_qa_67,43,0.0,0.1670867495925364
SEPs_logreg,27,cv_5fold,trivia_qa_68,42,0.0,0.5448848562683304
SEPs_logreg,27,cv_5fold,trivia_qa_68,43,1.0,0.5448848562683304
SEPs_logreg,27,cv_5fold,trivia_qa_69,42,0.0,0.0004232278892534
SEPs_logreg,27,cv_5fold,trivia_qa_69,43,0.0,0.0004232278892534
SEPs_logreg,27,cv_5fold,trivia_qa_7,42,0.0,3.6606975955384608e-06
SEPs_logreg,27,cv_5fold,trivia_qa_7,43,0.0,3.6606975955384608e-06
SEPs_logreg,27,cv_5fold,trivia_qa_70,42,0.0,0.8013383242470439
SEPs_logreg,27,cv_5fold,trivia_qa_70,43,0.0,0.8013383242470439
SEPs_logreg,27,cv_5fold,trivia_qa_71,42,1.0,0.0001417753909921
SEPs_logreg,27,cv_5fold,trivia_qa_71,43,1.0,0.0001417753909921
SEPs_logreg,27,cv_5fold,trivia_qa_72,42,1.0,0.1352826975274301
SEPs_logreg,27,cv_5fold,trivia_qa_72,43,1.0,0.1352826975274301
SEPs_logreg,27,cv_5fold,trivia_qa_73,42,0.0,0.8436725036406348
SEPs_logreg,27,cv_5fold,trivia_qa_73,43,0.0,0.8436725036406348
SEPs_logreg,27,cv_5fold,trivia_qa_74,42,1.0,0.0602822706616441
SEPs_logreg,27,cv_5fold,trivia_qa_74,43,1.0,0.0602822706616441
SEPs_logreg,27,cv_5fold,trivia_qa_75,42,1.0,0.2420123993037141
SEPs_logreg,27,cv_5fold,trivia_qa_75,43,1.0,0.2420123993037141
SEPs_logreg,27,cv_5fold,trivia_qa_76,42,1.0,0.9863376406537756
SEPs_logreg,27,cv_5fold,trivia_qa_76,43,1.0,0.9863376406537756
SEPs_logreg,27,cv_5fold,trivia_qa_77,42,1.0,0.9999785363955266
SEPs_logreg,27,cv_5fold,trivia_qa_77,43,1.0,0.9999785363955266
SEPs_logreg,27,cv_5fold,trivia_qa_78,42,1.0,0.9941150478892876
SEPs_logreg,27,cv_5fold,trivia_qa_78,43,1.0,0.9941150478892876
SEPs_logreg,27,cv_5fold,trivia_qa_79,42,0.0,0.0118229092928281
SEPs_logreg,27,cv_5fold,trivia_qa_79,43,0.0,0.0118229092928281
SEPs_logreg,27,cv_5fold,trivia_qa_8,42,1.0,0.9999739395076932
SEPs_logreg,27,cv_5fold,trivia_qa_8,43,1.0,0.9999739395076932
SEPs_logreg,27,cv_5fold,trivia_qa_80,42,1.0,0.0087395503256244
SEPs_logreg,27,cv_5fold,trivia_qa_80,43,1.0,0.0087395503256244
SEPs_logreg,27,cv_5fold,trivia_qa_81,42,1.0,0.6524110254170947
SEPs_logreg,27,cv_5fold,trivia_qa_81,43,1.0,0.6524110254170947
SEPs_logreg,27,cv_5fold,trivia_qa_82,42,1.0,0.001053000550656
SEPs_logreg,27,cv_5fold,trivia_qa_82,43,1.0,0.001053000550656
SEPs_logreg,27,cv_5fold,trivia_qa_83,42,1.0,0.1616030273180247
SEPs_logreg,27,cv_5fold,trivia_qa_83,43,1.0,0.1616030273180247
SEPs_logreg,27,cv_5fold,trivia_qa_84,42,1.0,0.2307223064040214
SEPs_logreg,27,cv_5fold,trivia_qa_84,43,0.0,0.2307223064040214
SEPs_logreg,27,cv_5fold,trivia_qa_85,42,0.0,0.5860342312264972
SEPs_logreg,27,cv_5fold,trivia_qa_85,43,0.0,0.5860342312264972
SEPs_logreg,27,cv_5fold,trivia_qa_86,42,1.0,0.0267775865790588
SEPs_logreg,27,cv_5fold,trivia_qa_86,43,0.0,0.0267775865790588
SEPs_logreg,27,cv_5fold,trivia_qa_87,42,0.0,0.067544881762057
SEPs_logreg,27,cv_5fold,trivia_qa_87,43,0.0,0.067544881762057
SEPs_logreg,27,cv_5fold,trivia_qa_88,42,1.0,0.7807606001101496
SEPs_logreg,27,cv_5fold,trivia_qa_88,43,1.0,0.7807606001101496
SEPs_logreg,27,cv_5fold,trivia_qa_89,42,1.0,0.9981247391300184
SEPs_logreg,27,cv_5fold,trivia_qa_89,43,1.0,0.9981247391300184
SEPs_logreg,27,cv_5fold,trivia_qa_9,42,1.0,0.0350163616615564
SEPs_logreg,27,cv_5fold,trivia_qa_9,43,1.0,0.0350163616615564
SEPs_logreg,27,cv_5fold,trivia_qa_90,42,1.0,0.0006591195156961
SEPs_logreg,27,cv_5fold,trivia_qa_90,43,1.0,0.0006591195156961
SEPs_logreg,27,cv_5fold,trivia_qa_91,42,1.0,0.002729132875618
SEPs_logreg,27,cv_5fold,trivia_qa_91,43,0.0,0.002729132875618
SEPs_logreg,27,cv_5fold,trivia_qa_92,42,0.0,0.0009995594215595
SEPs_logreg,27,cv_5fold,trivia_qa_92,43,0.0,0.0009995594215595
SEPs_logreg,27,cv_5fold,trivia_qa_93,42,0.0,0.3811654549084813
SEPs_logreg,27,cv_5fold,trivia_qa_93,43,0.0,0.3811654549084813
SEPs_logreg,27,cv_5fold,trivia_qa_94,42,1.0,0.4168026921218419
SEPs_logreg,27,cv_5fold,trivia_qa_94,43,1.0,0.4168026921218419
SEPs_logreg,27,cv_5fold,trivia_qa_95,42,1.0,0.9999942708690176
SEPs_logreg,27,cv_5fold,trivia_qa_95,43,1.0,0.9999942708690176
SEPs_logreg,27,cv_5fold,trivia_qa_96,42,0.0,0.0548932039322972
SEPs_logreg,27,cv_5fold,trivia_qa_96,43,0.0,0.0548932039322972
SEPs_logreg,27,cv_5fold,trivia_qa_97,42,1.0,0.991370509781198
SEPs_logreg,27,cv_5fold,trivia_qa_97,43,1.0,0.991370509781198
SEPs_logreg,27,cv_5fold,trivia_qa_98,42,1.0,0.7658167456977125
SEPs_logreg,27,cv_5fold,trivia_qa_98,43,1.0,0.7658167456977125
SEPs_logreg,27,cv_5fold,trivia_qa_99,42,0.0,0.98993414121501
SEPs_logreg,27,cv_5fold,trivia_qa_99,43,1.0,0.98993414121501
